{
   "changedTouches": [
      {
         "identifier": 0,
         "locationX": 254.93333435058594,
         "locationY": 2.133333444595337,
         "pageX": 326.3999938964844,
         "pageY": 789.8666381835938,
         "target": 758,
         "targetSurface": 31,
         "timestamp": 1227176318
      }
   ],
   "identifier": 0,
   "locationX": 254.93333435058594,
   "locationY": 2.133333444595337,
   "pageX": 326.3999938964844,
   "pageY": 789.8666381835938,
   "target": 758,
   "targetSurface": 31,
   "timestamp": 1227176318,
   "touches": []
}
